,the_geom,Id,PPDNAME
0,"MULTIPOLYGON (((-118.29374082326 33.99711933093223, -118.29151215418706 33.997124734963336, -118.2915105383328 33.99666066708325, -118.28946254000508 33.996653053910094, -118.2894569027051 33.99502254473181, -118.29148975947155 33.99501765164986, -118.29149224854211 33.99573256706679, -118.29373593868883 33.99572712675337, -118.29374082326 33.99711933093223)))",48,PPD 48
